{
  "norm_stats": {
    "state": {
      "mean": [
        0.007601045066213174,
        -0.18723901768361204,
        0.7382194275939464,
        -0.007421846300496781,
        0.44064859862794403,
        -0.003844368018246164,
        0.6210289442740008,
        -0.0989922822136445,
        -0.21497447650019913,
        0.6489820951867104,
        0.18937694714121014,
        0.6149135551077576,
        -0.14312536061662698,
        0.41608142403303733
      ],
      "std": [
        0.1090702875426827,
        0.22419280220683957,
        0.20276570111267225,
        0.103415815239158,
        0.22568834054000492,
        0.13937632227302893,
        0.19231783523162868,
        0.14224260705342268,
        0.3174291194257238,
        0.28545148544433696,
        0.18508381779504213,
        0.30433021203791366,
        0.287938720386365,
        0.2574092160959323
      ],
      "q01": [
        -0.25965527284924705,
        -0.9502679452282894,
        0.3927530240204573,
        -0.22069554159704616,
        -0.31656492506153033,
        -0.2939746598409272,
        0.08008713201097059,
        -0.44442966258161104,
        -0.9610957221534954,
        0.17065471989217096,
        -0.13768103828381528,
        -0.3179942026994306,
        -0.80092636240516,
        -0.0066566034278836474
      ],
      "q99": [
        0.2713924758330222,
        0.044055979329430395,
        1.167080004068782,
        0.2672805132761823,
        0.8346536806110507,
        0.3553755702820338,
        0.9730477439948715,
        0.26138283642705795,
        0.15575120527947606,
        1.1783081434154898,
        0.6286737283825022,
        1.0787285086940528,
        0.39249893422098125,
        0.9215364901171279
      ]
    },
    "actions": {
      "mean": [
        0.00753583405284211,
        -0.18172580021645873,
        0.732216112704277,
        -0.00686364383125212,
        0.435718602935113,
        -0.0031045316426642237,
        0.27917510527580974,
        -0.1001997506132489,
        -0.20623685043758713,
        0.6435295627513528,
        0.2016644828200061,
        0.6110104573761626,
        -0.1440406157330051,
        0.2545682038529089
      ],
      "std": [
        0.10980397914881607,
        0.21561163403173741,
        0.20219533154129896,
        0.10660390899801936,
        0.22041415786936477,
        0.1394308062159847,
        0.2706776932390906,
        0.14247868463646426,
        0.3127114255045912,
        0.2860698431771417,
        0.19153239230679725,
        0.29991302356539046,
        0.2879566027903944,
        0.3503589985188621
      ],
      "q01": [
        -0.2593041246841348,
        -0.9388214269771197,
        0.3879744421145323,
        -0.22398451694985505,
        -0.32543094725616273,
        -0.2885197072139467,
        0.096524673710181,
        -0.4494671071219691,
        -0.9604315241923195,
        0.16397886226453912,
        -0.13194688876602645,
        -0.3268216700571029,
        -0.8038722125752588,
        -0.04559571195328045
      ],
      "q99": [
        0.27293813866560224,
        0.04276738414427661,
        1.1642300695815675,
        0.27755114178408746,
        0.831340302235722,
        0.3543072239658115,
        1.0585907609629588,
        0.266831983944787,
        0.15325204483457955,
        1.1750145375113288,
        0.6502250356422106,
        1.0736641689375273,
        0.3926622845206418,
        0.9287922296759192
      ]
    }
  }
}